{"cpu_time": 0, "total_cpu_time": null, "wallclock_time": 0.0001380443572998047, "evaluations": 0, "cost": 2147483648, "incumbent": ["clf__n_components='10'", "clf__tol='0.000500005'"], "origin": "Default"}
{"cpu_time": 0.35750603675842285, "total_cpu_time": null, "wallclock_time": 0.37586379051208496, "evaluations": 1, "cost": 0.40071403692093344, "incumbent": ["clf__n_components='10'", "clf__tol='0.000500005'"], "origin": "Default"}
