,exp_id,test_score,test_score_variance,train_score,train_score_variance,workflow_id
0,684,0.6287037037037038,0.009241381969302192,0.7226188742131568,0.0006679720483723691,wlcx_sffs_svc
