{"cpu_time": 0, "total_cpu_time": null, "wallclock_time": 0.0001659393310546875, "evaluations": 0, "cost": 2147483648, "incumbent": ["clf__n_components='10'", "clf__tol='0.000500005'"], "origin": "Default"}
{"cpu_time": 0.24809789657592773, "total_cpu_time": null, "wallclock_time": 0.2691359519958496, "evaluations": 1, "cost": 0.40071403692093344, "incumbent": ["clf__n_components='10'", "clf__tol='0.000500005'"], "origin": "Default"}
